id,predicted_class
xKZQBJvw67U80QV,0
fUM03ajrsvFawkp,0
3TTpC4Tq3qN1ETM,0
irp9MgMpM3gTVkM,0
yVs0zEH6LOkf0AS,0
WXX8UtkciGBQNeb,0
6UCWnCdBsUk6NPB,1
TVbso6BqP5d8eLb,1
YgHdjYdGCVpKvCo,0
qB32ZiS9mcvqm36,0
rlYP3IuaxZLUZxe,1
8mHx2Tyr8Ec70Vh,0
AzyHK5BDU8D936C,1
a9CYvOhDCoDsbup,0
WVMTSKECiek3fzU,1
1PnwMHZ8qpM1t2u,0
grq8ZFDOvkc7y1m,0
7TL74LOM1Dcl4Mo,0
pRMqLKQdcF986TM,0
4A9eb542QuyC4lq,0
I2rw0kTfl5rwv2Z,0
MsztQkPCPklht8g,0
VbnPA1FpMVhmwiw,0
fahtrJfUFYf5uG2,0
IXoiJsJ8Vs9RMDo,0
vGg6GlaNKEsDGFF,0
UhCBXbkk3VWa6bx,0
pKqzYSwOuY8AbIZ,0
6vUUX7rONnErSnE,0
BrLDbMOxFUYschk,1
B4k7hZn6eMS8iHB,0
RP9lYZIaTUFf29K,1
HhzDOcJ3vDiECD1,0
PgS2PCD52m3GAAb,0
Ag2PV5jYeI2lLWb,0
wrAY1LzBZtIx4zb,0
sykkwtga8FM27qs,0
pEcvBTMBD9YDACn,0
OGkJAHib9OshFkT,0
If9M63jZvN5v10d,0
TWv8acmxJMxyC3J,1
vtfWoBiUSrF8akt,0
2aBGHgo3XzRfWGJ,0
bQqHMGMrKRH2H4J,0
1G48CazabWuwpGC,0
FIVbbkVEkNaQKbn,0
5FrdS7jtuG2bTxc,0
Let4Fu9pZr0WtwC,0
xmtaYniQKfJ4JX5,0
DvjtDitARSJ8zfz,0
bDbJPoshmoOzR0I,1
W01tnVz1LAMVqpo,0
SvNV4JJPHCs6gp8,0
FXgOHDYXd3DsRkP,0
KfnAiK2cilZT3EH,0
d329ZsNlOpEuASv,0
vG7diIDGATFHvgz,1
EcTrByT9YBHhTPH,0
rBdDj3siIxpT3de,0
EvPihSYtsgM8WZr,0
bWmBdm7NzAmXYTM,0
djOdUZsXUyYpj60,0
ysFQnk8MwbmWnPW,0
rKCLwpqfkyVSxJI,1
y1nMKy8Zd6mP87s,1
b2uE2c3hB4RX1u8,0
9BFbH9UmUGbky2H,0
z1YYm5WLTghsr2h,0
MQx6lD9DozgwNae,0
e0f5gC5ixHy4Kwd,0
0uw8nRLsOmtU4PP,1
IwNl0KEvGN99Uz4,0
A4uSd7CUcQhMQxj,1
90Fj1fMvarCWooF,0
sFVrFxnoM91e8Ex,0
vX5NKyk7sIMY0It,1
5TGH1lH6tTUhn27,0
jNXbW9znoOkFEgi,0
UQSWRQTNdoui4Fa,0
VqHqT6Tx9PCQvfk,1
EEhUPe6WSQ2eU1m,0
7kzC3ukEhPFsd3Z,0
oTDyKiv9Y3WCqJ9,0
bCRzhXFyCNTJYqM,0
AeoNpj0psP7v00L,0
1zM6QQKGzeBNhch,0
NXDSRX9nN46dWE8,1
pXOmy1aeHRvljCe,1
F6c64bsobsyWxTc,0
4LAkGMurPl6MfEB,0
puxc7AA1aQvIsns,0
Rf3apU7nYdLcE1A,0
zdnIsggGVrflb8i,0
YWpbDwFhbi6mywn,0
6m1Q8lWrE0iE3I0,0
KAgNvmO47qHxLQX,1
BLMzC9tvpxIAMaw,0
XeushZ0tocnoG4E,0
2FxY15jrPL1ViVu,0
xzymIM6187trDyc,0
DmyD9hDHCGaOa4R,0
WxUmI2RdrRHOHL5,0
8M79TgWoh8NB0Mt,0
nWhLdUkX58JWstt,0
K9tojcHuYpgnXYs,0
lbd46MqPetElyMW,0
q2jy8VJQy7Zh7Ho,0
kE5lMyYmwPIk4pz,0
C83FOeHGocGwGWS,1
SSU43P8yGYt6s4J,0
94nROtrgAhttvPi,0
gEqBmESyzZ1mbCz,0
tCSZiGgGOkF16pO,0
mqb9RtCt24TX2PK,0
wrV8nnLd3DsZKqO,1
jx58KparowwT35y,1
mYnqwVmG59Y1y8M,0
YhD4ot9H2QJIpis,0
m4IU5Lp6pJloiVD,1
GUActj2aMHcAA3Z,0
aUJZtDZe4hCqg8o,0
wpHuuZyzYk3HEWo,0
9lmrnQScyboI4t1,0
cokKXNeRmYgTkOn,0
8roNprOijvyiK2e,0
81CrT0BlPeEqAwj,0
WwENW49rlDtiYzo,0
jgcwwX26p7wF9tq,0
2fDhhJz6rWRaPHQ,1
RbNm0rYnJIUMbg4,0
8znoaZJaF4ATrSV,1
vyn6UxTs7hKwH9U,0
ONp1TKYl4CuUGPj,1
YOprGFurEZHFULD,0
7Axh0GMm3UzVW0T,0
ibQGeOr2WRCmK8c,1
rdiW9H28JZ6DmWQ,0
YInhXeYCNja2aRG,0
JOYkLZppvLT6zZD,0
NpPardlRc0Y5n9b,1
McgW7SjwXGJNn1W,0
4Vw67m3jTvlAze2,1
Osc4DsfqNDveOQU,1
0YKPCH2Xo4k2zmu,0
5NqX4G0PqpTHcaV,1
9HB9ZJcJPuR8bDl,1
E635KhLLwur3NP6,0
5prA136FWuXzRWJ,0
ApK7oNb2Ab3eds1,1
LhfTpE4Fhbap9YF,0
ZVItdah5rxCFqog,0
HfSXIY1lMnGWf2A,0
XXiD6k3AT4liFfP,1
8JnilnfOOpZn9MA,0
xtropFzLBpTi4OT,1
o5El2sj7iLXarpq,0
NYSdYouMInwixir,0
m9xQz52RFapgFNN,1
6aGIFPk30Y357J8,0
ZF5RbPuK3cLhLjN,0
MZ32KgbX0mMEBD6,0
3q7N245Qb59bs9z,1
soZfuSHaI6RmVG6,1
hHrq7AHrxIocdqH,0
AtfUPwil4zdvcVY,0
jFR39MkvyxUZ9c4,0
xJHM3tiNZQMLLb3,0
vjirIU8mE5ELPZb,0
ftcAgfig3YqvbnT,1
pspeILuOBhtxmeA,1
OAWN3Ti831jovrA,0
pd6DEQ37fpbK9H4,1
PVkFM8WQwwyo8in,0
i3lzonBLdIgZtJV,0
AzVuuCWfWYMuuVF,1
J6DMqxNlOGzvRfW,0
I88sea4JYbCxbWF,1
IkshxjYKlXVoctG,0
rYgWl745Ncp6FWo,0
JKm6khUPfgxZIEf,0
FMayPcKl0hC1WE0,0
WtmPdO1DKdRYBfU,1
ZFpzdjppePGt69D,0
M9Hr5LY49FPa3py,0
REAtkwBUJFgyeKS,0
RglRFWNYTYEHusv,0
VXhlKHIdp65nAze,0
Y33ReuBDY1SHFqh,0
SbzcUyH1dX8TYMk,0
EiTUIN84LsCeOlS,0
gsvCCfnPVLK9tFu,0
7oAAGA7AQkDdVEV,1
A4zWnxCiUCJne3p,0
IWgfWUuVOLPteGo,0
8gsAeHrtFveztGK,0
0sRaRfc8vdIFGzX,0
hclxUHw4RqOBK72,1
c5UCNvdDLZKzvK7,1
60MTjJcJRvLDltq,0
kecd6920t2C8DJq,0
F4hmqi3SNG8mGMS,1
e0C2ojJyf6kvmfV,0
joVpmTQPsDQ57O1,0
XoCOrvVIhkCTmus,1
UoFRH2cVRfRFzuZ,0
yAeqPpMrTOKKvzs,1
LjI1tQ6q9g9LRJY,0
Hks2V84gIYDP3H4,0
CFQMPB8oNfRRL78,0
rAv6hjF3F3JOV0N,0
F02A0s4W8AG078O,1
hUsFq1oFENvy2sf,0
mOmMvjgPOkyvkTa,1
4wGuGkWo4KI2AP6,1
A0pZzogF8DSIQ9o,0
r5xO7aMhcKxOtTy,0
392Glc42Pxi2r25,0
E3drnJK5xrjOn7A,0
tGfIQSzPYBza7m7,1
24E259SBIEAbsMa,0
QQwU3ffCOALyJKP,0
uyYMr5LQsWglSPd,0
Uxl2kNar0MLZO0C,1
Cj7BL6BxHKwdf4Y,0
0wInh0ecQQ1H1t6,1
7rHe3vKunivy06y,1
8VRE6kb6DjFziOw,0
CRmPEAGoOTRPQcO,0
iSCEADMSScv71iJ,0
hBjTydo1A8iHcJM,0
H4rEvxsIFwXyFxT,0
OKOJXFlNN0JbuEw,0
IB3I33AkIv0RbIG,1
IIfprg2sRYtM4xs,1
PbRKUBcTuXELYZ7,1
kMCB0HXmY6QC3cc,0
xHlpBmzR1f1EfU2,1
sqicqo2onX4kV4y,0
OFslLZ6B1Wmqx5w,0
naYo3pZFWOFc3ml,1
d1E5Q0Ak2rxRr7u,0
jhWB8TXeMh5B1L7,1
NwG9ZGLJiv8230Z,0
HeHfTJ6XYoEYwMu,0
eaqeWdH44QJBnYc,1
g7JNrP3yP9atPOA,0
P0Ae4gJwBDBUmK9,0
2zhcOOHvjG6J094,0
hCMIBgCgJwItkjP,1
Cm2rfrYqnpgjc5L,0
EdMzBRzbiZ4MB3f,0
0iDA4FoMw3LsUbU,0
VmZIPdUuu8mcgHJ,0
E1VYsiHVtQMdj9o,0
GdUtC3FiqYOruVG,1
IHVZDR5MtBHhWwe,0
C6cyXSHLfCAPeQI,0
pcyPu4TBVq81l6R,0
96nBO79g4CeznHo,1
pk8F0ybUbTDemIx,0
eKOe5ZNuEK1au7J,1
5JQmYDnn2JhqAkt,1
yKVBElj5JZChVRY,0
8w1ljEQwZykK3Qx,0
FcBHZWYhNvVwf0S,1
dIt0O17UUQWqs1o,1
DbRlnotdkvic5BG,1
Ocd2j6dGBc6X4ez,1
mpfIcp7ZYRvHeQ6,0
CSrEoiQsl0W6UoS,0
l38RXnLuRnYITrp,0
C8keeo4blehVfZA,0
fpQz6hkGhJjYORl,0
a29sbOKaIqz1WRa,1
m5bjSMPxmLp58PZ,1
TQntCu7F7Jghc8U,1
Zwz3uCVqhF9PiSi,1
Jdz0jsA0NPg0MCD,0
DYPVqzwvMm2jJyh,1
X6KuJRANu8S9Hoz,0
5EDcX4AKKlO3NyA,1
H8weTx9GrKGL2tf,0
f9tU2okzBCJmRzE,0
V7jXFi6DZc2pUL2,0
d3KVmMqbXKAog8h,0
NihKXNdv796mjd7,0
DIgmVRDQUNWkR9Z,1
pB2mvIcKCYR9mJt,0
f6OXfqF97uQmOEy,0
uKB4o26JCxdPBZ3,0
9XtpzTwyS8URyYI,0
ZCeS7xupyL45Tx3,0
fLdcSS4jLtpbfbi,1
P0ATT8SD2zYuULx,0
IvlCHAX977v2aAO,0
db7vucSWuA1E0Hp,1
BFkXNqRntNuwyQ9,0
EuoelMHaiDGiSQV,0
GLsq4aVPx8qmtTu,0
kk4ECrKQbBaUCEC,0
t03kdpVtPzqDKwq,0
11IVLiSvjzPQ0NJ,0
yLu96oq9K4B0Ey1,1
VZ5dvPgBqbhPutC,1
7GlSJROiAjfccFr,0
UYhHa2kHhRDTFIi,0
BB7bv2HwBIp04fs,0
fn3pwlNxHip67lo,0
XueUTfYUhWK3WZd,1
ixufBNA3k9hTawr,1
PMM5MHdXTaMfSRX,0
4zBiaopkSUUoMGz,0
UQx4UxXnI5LxMMG,0
9VYvKpdKviO8FII,0
QESTZ95b4PE5SF0,0
q3m8KPTLSqaz0tb,0
1x4MzAGFtt0Bn8o,0
2kmESgELc3LpeFc,1
3zjTMMTuVk4BViH,1
vejXKeKcripk9LD,1
eQMutoiHWfPKDrQ,1
h27y3fyaVJzSfep,1
DgSpohCFDrat4lf,0
B9mcLlPgQk6eENJ,1
Mw5OZtr1nbqyf61,0
iDnSDeiIwdGsfPw,1
LEstRbPMe4Lc3e2,0
qJ3ZiBsHbDFcyvD,0
1jok0DITckftoUY,0
hRr7Q89sSETxiTi,0
ftDEd1ytIh77tFy,0
6qyeBLf06EGMxUL,0
rKmNkzwvPsBdkrW,1
YIoBJnoLI7CW63o,1
ZHhuh96JZ03m83l,1
rghYcG8LOcdj6GT,0
SaMLKDRMQilW3vu,0
gz5U0zM4ZFPqG0B,0
pAhDQzFTc0WOBoe,1
UTNLkCEhQykgHTQ,0
20gQKuUbNYAgo3M,1
mFmMcRDKFBPWb8D,1
S6MlcLHw5st2vFO,0
RjBm3rypMHFC2Mh,0
rsrLMuxIFSrRJCX,0
ymMUQKbxTQv4XNy,0
FkGNceVHRtpmw0m,0
kD6gE0LvK9Y44YS,1
v56S8SGTOxcnXqK,1
6o5Ro4r4OrXrykS,0
dBrbvdviKhFXK3M,0
cHLwkyeAk5dzHqr,0
s7MxMy2N35zciQg,0
nKHpf9GucVXqSVK,0
QfgrSaRnVLo2r0P,0
TOh8UbkskLMXtrD,0
CuMHJEltmzhT3VG,0
bU1Er1Pud7qFetN,0
csX2AbyUnwusmkI,0
HGf56m3drYT7An8,0
xSKdTvb4z0xBEXq,0
tmSGYuMdFKDgrCX,1
elewQcqlkzA2QJz,0
LyDhRqRcfVKDXac,1
tpNdVYRT1YbH6pG,0
J1l7r1HWEdBSypl,0
ey2TjtX8DFUFf99,0
b9mT4XZPCMIygHL,0
N6lzoZROg2E9cZL,0
b1wFcBfhqi6c0mv,0
dQ1hFh8yoqzOYOX,0
kpBfwh2WMBpYpGp,0
1RYQSVzqLVNAlw9,0
w6xN1pjgfJV9xHG,1
8MJXaaEzjSDjCps,0
ZzsWySXcrDa3zxp,0
9e3GugXouVmXfrd,0
46q37nMDIdQDmWr,0
vY4xGEtH3yXcdkf,0
pxyetJBI8JP5wq3,0
VbMrVZIQbutWboo,0
wn7rDuu3NbBw0Ta,1
OolqDThdd9slBtr,0
FTZYXJbBilKuJc1,0
aXEzdqgveCwy40r,1
w5t2ErF56S7e3pZ,0
2pA85ypYr8YFymB,0
vdQ1iXqk6vEh2jx,0
xNbu4ydMVZtYzch,0
nrRRxZfwouKUd4r,1
0ah4duhS73juEzH,1
BZiUhmDlnz9p6f9,0
vYkpNs3vDW6vVpr,0
e8FETTzDGmQ2TkF,0
aty9YXj9ZtoT3BG,0
BqmSB4MmnP7imkX,0
JWfPeyvKIsb9DsZ,0
xyV5CdP0yP6mB6l,0
popjxtl9cqfsoep,1
Qb89OOph0j943ts,0
QGSQYudb1UDfjxJ,0
2IxiKZOa3p64HjW,0
hFqzS4Ay2yneLA6,1
QZPT4LRPRodolz0,0
0vGirAhkEMgDD9R,0
9ixf3WuYqATweaH,0
eRwYaxu3xDlZVaO,0
MXvaCC0jfzsabYj,0
dDzPMBwuSp06sdE,1
O0lyuQVHQBXS1ao,0
LsCM6stWshZaVKr,0
v0N5Gs7JJixft9S,0
9I2LQSyPhsZyPeJ,0
J7VYWR12tGdTOeU,0
aGNr6FK8yX01mqu,0
xItswjWo5rwTHwM,0
GSL58JR7umZOd7i,0
Vh4QLiVlGtTl61X,1
4Ftm42QMSIEfDsX,1
SzQeiZqxuetnCAN,0
li2KPkkPn8Vx7r1,0
80gbQkDNwsU4d81,0
h6hrwSDhtxNuLHb,0
s0YFslDieYZSVjK,0
HdNl7g9RTPlB7c9,0
Ktw3MxgBNjJmYiD,0
zINWh63ZT25svRn,0
zAV0CBlhOeSMe3h,0
fHOq9yJf3h3rwSn,0
cZFKcKJRNueja99,1
TUTRsXZ2IvqNI7u,0
rAdYhNj6H98EI15,0
SpMK0ukhTmheHMx,0
tUSW3Im11sdwZeR,0
KtWxWvdo2TuEebz,0
xYCYDlhmXXj1wuS,1
zrb0b1ZtSE0FgMZ,0
DctaUHXk6oOEYQi,1
oGgHHxkzI67286o,1
QmHyCVdHitRG6BO,0
fzNqLJMOS73pW3r,1
WNhoPhIberie2SX,0
8nKZeO7vBP4gLEn,1
kt9L4dDWVpPL8BD,1
YyrTHRSuAL1WsiQ,0
7pEP9DfdQ3FAKBF,0
jeFWXejPYLqPAnY,1
xhxMieS70cJAXwb,0
YGAPMv3Y8cP8TYN,0
jRsZz0rVhfDk4hZ,1
gEOrDqbuHDqJnTt,0
m3aMRyonuqY0kOA,1
Bm9qr8ndwfBm3S7,0
VYUWe2GoxTS7Zhe,0
YxTPciivOPPWjjl,0
ibdW1SbEVZgpNPV,0
LXC56OgS0K6EYHQ,0
VoJLCzthgqRPWgC,0
zR8qSETCAw7bxof,1
anLuPDO20O9pJkS,0
R5VYJxlo8mAUV32,0
vxLrn8f5NjKNYes,1
GvH3DDRcr1iFdwo,0
3w1yAXxonMiy7wN,1
VshihS0ItGSCQoi,1
76qIlVRGEVj8oIp,0
ZZ55EDqrAgoFYOE,1
qlUPaU9gI9he4MR,0
0D6Rpc4mXXWANoS,1
rOPiJyW6DsrX6kj,0
hjVdIdBFmbYYLqN,0
LhuB9liF80WoIhE,1
tNVVm9IrAk8XkyT,0
UPa51K4lTB5m1Vh,0
15y3UNphp8MRDuH,1
N5URbna7YF3OeW4,0
q10DORCM1rLgoWM,1
mPi3bBF9JAS6Ix9,1
fP575NVaa0E2c45,1
1rpkMulsUKNlXNF,0
ZQsLy9co3dQojk5,1
bU0BjHqrw752gLb,1
rxZ9NNJo2FUUyKI,1
pQY0LbflTfUY4ib,0
lpnJ0faVkJkjcr0,1
4qKZCek1fYLriHD,1
wMCooQO0darpNJb,0
LEjFng58LGgTS2d,0
UiKOcYXZBJNXr14,1
43ASRg6VO7ZHwK7,0
yrmE0hUZn5ST65h,0
oYFuxWwtMmGkDbv,0
BLTDXQzHE7Zg9QG,0
WvpQTNwBOer6Pjz,1
E7Dlgh6TQWwjHbt,1
OGtJDKdA3Q2x1HE,0
yDPPOokHacd0qJf,1
i2rHlpsuG23iPPP,1
K34vVjhMWWdiiEp,0
o5asLZ7EmPuWn7Y,0
brkU4dcj4BHbVF7,0
uamhINADlpp8S6g,1
S884J2oGtriGR5J,0
JLGojzmPYivDw10,0
AnYxhbGqYLvZmYc,1
EzkLN1jWdLJphSs,0
5pVdAZHnjgObQOU,0
yhw0MF4hzZchqRo,0
jqPJOACRacXnNp1,0
VPF1PpeGi21yuBn,1
l0SfHVByMebcXWZ,1
eST47ABN9EfcwFB,1
nLlc90fxOkqTb3A,1
MHLdMWS8I1Q1Rnk,0
vCDMZOyZjxMYmNI,1
pCVU6HEYbfYqAe8,0
Ou1HHNwv7TMj7gZ,1
tMG5zXnsCvjEx0o,0
V2M24x4u1Hn426j,0
HClDqUqTHQkGGkx,0
a4GG1nlR2qq9wDR,0
kgpAycPxTzPqMch,1
lWcJ4ozoWCWpGSN,0
IUinLGWAkWlTxbl,1
VZcw8gMOCi2d5Ct,1
5SvhKdFTA9BdSxp,0
oHFNTVCKkbwaBBR,0
QTluXrle9kW2Cc3,0
aObqPuRmuKIeY07,0
M9ZnyHBORPIihZJ,0
hy8rl3ZifEj3mP7,0
Da9fDsD6gkIv3t2,0
srQ0XvrdH8dhVPk,0
9ASOh6tuyrrZjRU,1
hotyiiubILyQgYd,0
y7L9WLCNiytuP5c,0
kXQQ641KC6Ws6hb,1
KjkZhxuS0pe0RRc,0
5zmGTCktBEMYcjy,0
TFWe1oOzYOqEYFW,0
LUx3qyXCZES7Y0M,0
WRGXTmHd1qF0R06,0
4JB073D9PvCCd9U,0
2ZXYXrnsJdkhKDB,0
yDSuxmu3MUXd2rK,0
Pi3BJdNZGUBvFgr,0
Dx4Tjqt0QJC4B7J,0
KZgbLoxFqnbcWsa,0
DZ1cCfEj4MfTaNb,0
92eHEfTe4sPLKxC,1
QXoAhLpTZpU6WMz,0
dGlEnfz7GxNa93m,0
RuHuDzLC2rE0UJy,0
vt2IBZARo4eG0jF,1
t55ihih95y5nkXq,0
4dJX0aRfBKNF2dp,0
Bo5IMyvlVfc8Zqk,0
O0CgYwi6C4xszOa,0
K8ijPK6vBPBC1f0,0
Bckaw6zeDDEgp6j,1
oSRtYnxG2hX3kfp,0
uVrW4hIRAKHWLvb,0
PYNpcb3pVVYEP9N,0
nVVweYJPhfCKqrL,0
UDftaMOzEg2fsp4,0
SrrneRRxqQFAbfx,0
nGjkYUwXAiU6Fjg,0
2fz79WYjjtcGLHw,1
eFTtZ9pbCxS9rD1,0
76BJ5Mucmf3yjIw,0
LVucgb2qWYyh1bs,1
3y6Q6ZMAc3ZU4tV,0
gRLhSlznt0AKF6B,0
m9iqg8w6t22wdAS,0
rJe6wlBhOjhQdVi,0
NLMUo90TK1l5nTB,1
CuXFvOhMXESV5VC,0
uT7eIHpNE8UvNfd,1
XfRcxtaZ6gzc3Dw,1
XkYpUFRUI5Jed3l,0
VYdGtOhyGYx66qK,0
Ya59vPB61oyy8rD,0
97b8RHBe4c9reVl,1
p9GQDFdE3EmxHHY,1
HegVlp8hagC7HAO,0
WLCWwWkCmxHEKuL,0
eVzq8hWBheqCHNh,0
ZX2Bi0bywLMZ9Ne,0
tdHTXEFiO930xVW,0
wygWs8hPDV5DoVG,0
8BumlSByDXemOjG,1
W4xSX4q9xgDGf9b,0
4DvwbgJM6bNNrER,0
zLTB7opXISrFsU5,0
aYGiFf6yoafDWdC,0
QNq2WhcpLPzgaFX,0
XNjOReerdc2cQPy,0
a7LqAeUlSBcaIv4,1
BIYrBxuWZ9XIeXh,0
u0PZFVcuPupVpTc,1
dksYdesh3ZkBlzL,0
v5ubRQB6L9ERYFI,0
szy6WnFEOq06LhR,0
8RZZ3BWJK4flWbe,1
9axKyiS2LZWbZTJ,1
o16oASr8X5BTqFU,0
KtcB14ujYBtru6D,0
sQKnm3bwQ3fblpS,0
sgq5T05qoK4JNff,0
HmUyJ6vEPVgNJwW,0
h7wB92BV7ozQbgB,0
z5QoKIefuqbpc6U,0
dU0fnCk2CE8axKk,1
n5rltxC9Fi8FayG,0
5OpK2S4SaKgfGbg,1
buUwC0B0oWmYzHy,0
Wxgygv2uexYP78h,0
gCMrwOgjvTCRzBv,1
zale3tmWTigqdMN,1
i7Y2QUhmoPBKqyB,1
Qj8tu172Hv5Oygb,0
1fCpae1qJ2eheeC,0
3MDwmHYfSzjM69I,0
NXdjqDq6rkVzX4d,1
ndtplLKHUkEYUdT,0
NDoK1AiQRE07rTh,0
lTN2cQODd8UN6a3,0
Ej9VM3SdGyZ7fWQ,0
J0npjDKX1QQKwXT,1
DRCVbQbVmhWBOWq,0
HzKQYqflWn8O34v,0
z9fued4JYcFBeaF,0
uRkHOFQvxV4lTn8,0
avTCOvsjVrOXVEx,1
GdJXC7aFuczp3aG,1
Ln0BbiKWw0d5ueG,0
v7W2NJiJFSxvb6A,0
BHlIgmEKhAfxdAm,1
lZrP4rGIvmbTG8R,0
gFEgtQHuEfkTTHx,0
LAlWH6zYJqMrNAR,0
MT9xkmonWn5Ejjf,1
7ZBRaoODXXNc5ZB,0
4rLtKb7l56Koxul,0
0vusYeIgcwXnt8U,1
iKDz1NyTRYdkGeW,0
GFLrKx25MraKmXW,0
J1JMyCV2FSLzJpa,0
25zv6TrkHQo41OS,0
TnPNrsygWhQS0ZD,1
IlJRH3Q3GgsAJ7z,0
fpouFZBMKt8ZT6B,1
UPZrFwKIIFkjHe0,0
VGNZ2wkCU2CicWw,0
MqVUZKjoI5rl3r1,0
8g18UmuLjIhxuaB,0
gemUA3vOaUJBdXa,0
tbiMwoZK6AaXtmL,0
Di15MQyaSNezGw7,0
qqeXu1XKGoMWNSG,0
a7p9reLl7zzQNi1,0
vcu57Yp5Osu8Lsk,1
uL6dORgwMoaAnHM,1
FhsWYVuqkTmNVZm,0
HTPI1PIDCEHp6HU,1
pJCrMNmJ6XEwKMs,0
x0ZfxvNOBldCqK4,0
fna78M5tg3Y144V,1
Lm6KIznLBR0GRGI,0
DBmBPEsCrFtITdZ,0
gmc2f9BZDPk5mzp,0
Un8kGVkRtzMUrfD,1
6TjJZ3da26VDMIB,1
FqOQQMVJ1r2SOtL,0
5BgSKIiUEeIdrAt,0
Dtjfpdt4e9T2yGZ,1
fmFOxAMqqyC6g8p,0
iYdPjTfZniQhib8,0
F0JBekpe8F1cJYc,0
S4Eb4mJpyX9Mlhf,0
77YupvprtMkloAn,1
Yv6uoOeEGYB2SJK,0
02rvfxG7vm9OzVT,1
bbYb7ePU5I6f0wc,1
KKzYiEhneY2NPtD,0
ioTtAzmMUxEvsTn,0
WGGoEY2uorXGFW5,1
qJsOZwDF3Yu97xo,1
1SCA0U3UreX4ynd,0
veYzXnR5ODEeRIb,0
2flg4sTeO0F6ecw,0
KJBpJDBQavFSoZQ,0
0aqAgy3KtvGPidC,0
tZqVGS4GtPGJntz,0
QQTuy2oKpg7nd1I,1
dQvqAxaZJBAIm05,0
3MlR5jaZ4W5rIyM,0
12WLSjBzlFfgr8S,0
rDNbRJHt8WsuHDv,1
GNBkYiky1hJiXay,1
Y40y2E0BYMAF4yO,0
GWSX5DwzCdC1RBY,0
MEhv65Icd15YDxe,0
BQUsCgDZ6sOsKaN,0
O2nhD7Lx1p7tGk3,0
OT96eK7gkA3DtHR,0
ArBtUxVOccD9XtG,1
LK0ge72admT5sd1,0
VHAthprcBO0anwS,1
8EYf7JKYtzwHfSB,1
1eBAqYMZAz4ZP4X,0
kWWCFmABCVtpSBf,1
fFWW5nKlF8GYqjV,0
w7EDxTR1Tfqn7r8,0
Bw2ukseHF8fAseh,0
6dJp4toF35F7lUe,1
XN7qU8AueMXm25L,0
uKadAL5o8PqeVqU,0
5vj5zaKZMEKu42s,0
zEA0tjbD0ZJiShE,0
Qq5xQfEmvEJ6s8q,0
2HUnDzIvytWII8z,0
rWFRyhRBbVrAOh6,0
NjbPWERVDha2e7W,0
XC0SAKDS9fADptk,0
NVACpCbQqy1O5GX,0
6ILWeZ3W6cnFlJ8,0
c6yy1NiDrtN0YnU,0
9XQZ6SzywHO2EY9,0
O6vuAdYipDJ6uVy,0
3ZJxhADujzYKYPJ,0
BDgfvuO0ooBR7T8,0
D6WfVcVU0sCaFN3,0
w55z561Obb0OAtv,0
DAFjCZEDCyUTVc5,0
66Oq8UpGAsZCtjW,1
B8fqEGoYJLD6QPc,1
XFwLbwqse28ijnB,0
nDBXqZgcHBPWLQE,0
QavMrrUOTuWYBLV,0
42qtG9eCXbHu2cb,1
eVMBsbHaDV8TBi7,1
fzikBV5gmg324ph,0
lKHyTrrhQLVk5EJ,0
oxKESLIkhvrVTJ9,1
r9LZt1Q55XPniGB,1
ZsqujFhxTkiXDrk,0
9AGBeOFyBWFaGcG,0
I8Vw2hJoZZJPphA,0
wMo4HDBL2ZBj3wg,0
5hFlKOVaM0RjHOf,0
kjrpe2yvCdrCsLw,0
36m878W25mudsQZ,0
k8QgFkIPq0I4WOv,0
GyxCi61JWPfldDq,0
UNrTZ9rjuAv7sBG,0
hHACHmADMIG2IC8,0
Nnd75dGu6iLUKZX,0
EHzf0mYY1kMWKPh,0
i852ncjIbZr9pEF,0
dyApVqz0Hw5BfkZ,0
HXUrm72QsfRGBfC,0
L68D0VWlrkFzemk,0
3BUrNR2TQ9fodaz,0
iFmshWz68PvSk12,1
P9iiMIYNWPDJi6I,0
xlj3QzuasAt73wz,0
uQYDPZx0RNBvYni,0
B3pLj9kW5X99uyP,1
i0N5bcUXdiFwy7C,0
CHEWPO9ZZWyf10D,1
bIuO5LivRn6P93j,0
Xq3is8obc9Ip6SX,1
zq8SvaJ6mLmDegF,0
PsSYxo0Sd71f9BR,0
l4KFbtzvyAWJ9oM,0
ADKYYeNGexuhaDx,0
YoeFJwSTxnOJQEj,0
eubw2q5jCLgl3Tc,0
mBnlWsVAQNkxtmv,0
ruuvh8dyUPc0SB0,0
bmtOyVjKbTC7QaY,0
nDesBlp3gFVD75K,0
snKXJgeQ8MISGCD,0
WmIwxzb66TpqsgO,0
tmb691L7LtxZ4rr,0
PD5OhiV6jhypjMO,1
g59StKSlqEF6j3I,0
3cN508VQ5BPhVf9,0
mPFydrq4mLBjo77,0
YwWfC3X9ojqfFqD,1
CynQTip9bREZICE,0
jaQZy2UU6Ct7BBL,0
UWTGQJB6M7OVZwJ,0
Xf3Ls7joGP0zSVM,0
1oba5HRwWXGTU4J,0
ehPsAczM7Y1EUIf,0
OpHNYFkG8SBSvwt,0
cB2Gl5ofhHxlGEW,1
DTjSa3sjdgJQOK8,0
UucQ94eghmqDPrr,0
sI9VbKkXnaM48X3,1
oUITN2fgfG0CGBO,0
hDhhVwEeglZABEH,1
4V104xxzVGDAhFx,0
sBV6oF86PrYiZtF,0
N9gadrxioouMwJJ,0
FdrVIsnNa8e2v5q,0
e2bWP0rFSWKRX92,0
T3ruMU6ZOtGJfDu,0
PTmljPqnF9OBdSZ,0
Pq07fZVL6DTRFDg,0
7AIzCMGivMeFl9Y,1
SNVAN5bMvp0ic1F,0
7LfYt3byU1mbuNV,0
mwQigjeH1jSWf0B,0
GG8Dd9VmbcZE5n6,0
8opXJAWmyLa9CxZ,0
gferQE91c0JjQKq,1
ftXavPlvqNZsLP0,0
oaYoeSSqch5yTxA,0
n5rHuMNau60auB6,0
ID8ZIkZrl0uhr8E,0
ZmzYuFFYXTpzXeQ,1
iG9XNenY3yujz1y,0
KGXmLkcD8082MCY,1
tseSWXDkPZt1KPj,1
X64HlMooNfUjb2l,0
6tv1cgevuVRPF3T,0
fG4fB8mwLHOh731,1
L0rRvINXC87XAmq,0
73WU86MljtySlCu,0
dbavhn5jeDCM5Uc,0
XNoG6rWPjqpPNgZ,0
hnbbibGWms9w41y,0
RGuB1FuMYB0kf2p,0
RWx8z6Stn63aSpi,0
3GkPCNLk84MfL0k,1
ftkmK9EBPjKfsY8,0
REpygJfcqX69LR9,0
OZ6n2zbd1HbLKHA,1
m4uyh88HYn763N5,1
f07roP7zcho4W3N,1
uD7f3g4gzdsOc3Y,0
ZaOOyEacmyXIgL5,0
TunHNhOd7FyjTlN,1
2vtZ4pYHIKCJcce,0
WvIPNwK5etEjTHX,1
W2Y9W6OBuIzs5If,1
tORfpMCN7Ewe5WU,1
RpdCN2tAFCZRb0t,1
EwWjY6FLkofp4hJ,0
9PVSlurw0MXUkb6,0
0vNUlaUB42fPbA5,0
xwFHGcBZqFn3ktW,1
5TMqEhQVOWQwA7g,1
SSKHF4xMHaLOauD,0
2vTkZU0GOH6xWwz,1
eR5eqvRpowURlB1,0
ZBpLSA722OBBmpn,1
jUItp8waHWfe882,1
sAmgRexOkch6D3c,0
CRhxPrPl39R7FAK,1
YbkfE3iguQCVl8o,0
0kDa3WPMQFEj8fJ,1
1IxMfdaqeJ6Yd00,0
aP3gHzzBD0FsF6W,0
A4QbVJEQc8oNwwL,0
86GOYym1qlTt0DX,0
3ywLO7EhfTxaX9T,0
ZIZRm2043kQi2EH,0
A4V83bvJE9w7t5U,0
kLiDMM069Ahi9xY,0
pPDiMeQ8ZOvtCA5,0
oAbzKH3r5UlT4gb,1
O2RSF6AP0u3I8pf,1
kOxJZPiZtTIVvLH,0
lnaT0j7G8KDgXRS,0
GncmKwW8KlHCTG6,0
B22b5Lee3x9SrAi,0
F86mW77OVqRhzVC,0
TKYfv211mILxHRR,0
L7WSQEKq6o2sfw7,1
CptGY0O383ioNri,0
u3ggiILqJSCfHja,1
td0d8AfKNhEqcbO,0
08XzadE0FwO115O,0
htiTAFSMOPVUG04,0
MNaBSqgf0G2czel,0
s1LNipy8nlQef0E,1
DPjGBDQGMYCp1Mg,1
9cGJSBUqCyH5HnS,0
er0EAAE70XPfuxd,0
8mTUvnaKRMk0YGk,1
T0at7385CDjk5l4,1
nAK7jJevv8PqSX0,0
2SqqjcVbjZ2J4OT,0
iskK1uG4MngBu7q,0
bacHfRxZtjhRI5Q,0
w4GklUwVPBOHTzN,0
SdRYtuF1COftGI1,0
V2DJyY4x7JDXUqY,1
VcBjatS5muCq6ba,0
TiCaaP4gKBxGywy,0
o6M5JwzJVqY58hl,1
D2mdj3IN4rfElXu,1
WRKO7ZmD1mQNJWk,0
uOmfRxo7f1ujKiP,0
hSHal9uYXULBtSH,0
gMwb2T4mmE5OTMQ,0
Odpv323BO6W0qm0,0
ceh6Zgml1cHwdVH,1
vS0K1ufIlCHQaI3,0
Q1UY1Ywd9uH8nBD,1
rgncdStmzKPxUjt,0
lJqnqvUbADq1d1r,1
xwNLto60pPx2Gn4,0
fTnMAehRBbleCRj,1
j2vfJYeJIlcDtMG,0
eaL1fadhhI4Yebf,1
TbAnXfCitjPNUcc,0
9Gz1WhfE9Z2NnpW,0
lUsf6KXQEdZn5Cg,0
2VfV2PDL1ljEtPr,1
IXR9PZRkdwzzATf,0
JBJs4if304vLxXp,0
SxHNTa9WiAnlpwc,1
hQbkQMUyxsMIdeW,0
O4KC0EA309kZFRx,1
tJ97wx4ZYzjSfmP,0
wpn4qlCV80pA4ZB,1
dfUeH2ahcIjeKwT,0
uYNxFGneQeOb2Et,0
yVwoTNsdZtPz2jM,0
AsTJTZmQ9tinaGo,0
8ljR0mWpOdUcIsa,1
MRRcpjHYrJsqu8u,0
7wgW3RhfKKyDvcu,1
eEE6JiGBQHd5WdG,0
9hFTb6i6JQuzRso,1
mFBUTWU8gGrc2BD,0
OBfsutFll7LmkMR,0
VtqEDFMvEkv2jZo,0
GWQn40oAMvlZVT1,1
EZRUAww0bc3A0B3,1
K71iCf23KoeY0zq,0
R4W9vrFzkpXScKr,0
SU5Ug86yKKTNAO1,1
WHxPwqEFXDUgvCU,1
hP8277buryYmy2r,0
cAqZ4B8MfH5Eafa,0
k8neuQiAMGJ0pV0,0
518EB886HEXP5pQ,0
HuODrHr583PLgOy,0
NgfphYYV6RUVE3N,0
Ccm6X86LTiHvfW5,0
LYHDWPoMpS4EcGC,1
T6i6uAUzYTTNmFz,0
xw4a4jkmdK5ZPYd,0
Hlt00BbgoMYWz9k,0
2waNJFExPAHvBj9,0
gRqP1m1F3exFZlN,0
DN8GJQhqQXB0uOj,0
On1tBU0L5pIYFqi,0
WYmfWcidlctju2c,1
Gal6Mj5CAX2FkCi,0
WFNEqcn7ZOCZa7f,1
I6bhp2jiSCP7Kt9,1
KNnzG0RdhayWbF4,0
OhnupEYX5cOj88t,0
97UhwfOWYDW0PGi,0
YbBpGuOQ1LJ6hKy,0
xzFjEoTx1AIj4bt,0
H2sFqKtxOsYYZFx,0
Kwu89wLxi36fTcZ,1
fOZkEc4pxcTjcCp,0
HBUuaNl0xQd85ue,0
IhSzH8WZb4HRkWV,0
1IqyuhIJbZuJRBY,0
9fcD8IpiERXr23R,0
cfjYUPWe7sscel6,0
hm3OMkLXdo0DYAO,0
sAVHNjmvInwsVmj,0
epCYfvp3IqIsl6M,1
6yCKCKnKKW93LPx,0
r9y9IqGjaNF2anP,0
7VyEjYXRQR6eCUp,0
dLoG5fhcSN6ELVK,1
9AKJXGtW9Xf2unY,1
sQs0CtYvNsknYJD,0
cKT6jRpzklPtpkn,0
JL3KS0643ddcecI,0
uURypsSZ0BTtG0V,0
CGA3uipBijlhL3r,0
nMNw1hniQvuIaP3,0
JMBvO1ms1hiMRr3,1
DgihT4AlweaRKFG,0
fjV4aJY7fyhhjSd,0
sQvUm3PPsyOZH2e,0
tIKDJV4OQgwmpIA,0
DRU9OyaVgy5PTkp,0
ZbqRvt4YnN0WoAD,0
4W8J1Gc2BiSHJA1,1
xGx3ISWhZPTBBnc,0
ifl9HaQNQITgis8,0
aQmpEDKOp5n4Qow,0
dhydics6TNZVn3k,1
4MqtDevlpD9AMnw,0
m5PqqW5WibMVmIO,0
RL6XjJmcxRon5iE,0
gxDjHslzKPs6EOl,0
wKQigz8s4n9kdeK,0
oKsk9hsEodO00rr,0
oKf2430qq3ecIXt,1
3RHBpa8VjWJfBCR,0
pvwJZ45Xg1IRrZf,0
ov2xZgJHEavxl4C,0
LdXE0p7KTbp9YFg,0
q8tdHYfQAWjA0Jf,1
nwxUiMoTHBQOaTG,1
l7x5agpriBXJHoi,0
l5HAhySVmtiPfbN,1
gvPcEJhuoNReCXo,1
ZFxuiz5bhL6CGqB,0
BZhCAvDeuWKUILG,0
Qq4LoEKmWtKgIaQ,0
bHn8OVV4dHn0YxG,0
4vpHA1TwhEUVyUV,0
IKTq8ieo6LHduQW,1
T020wRI2VemmaSW,1
ZAfwojMWVnrWaeT,0
PWRxbMgSuXILYen,0
u2i2XHfXkAVVrWb,0
lYvQ4ibhTBoQfV2,1
uDYKd3sWRPL6gNO,0
tjVFHphpjhUlZi0,0
GzPom96m1cCti1L,0
xIYhJoUboN8hllP,0
F9rQcJWHoq3nEQy,0
n1PJCRIkbkhJc7M,0
jQB2I7m3heVpZdJ,0
5eUCmnVNMHzkOmL,0
UGIA1WuXTTIbmnM,0
svVXx6JSe0Edhzm,0
0D5j9DOSeUH5xhH,0
Wj488EZAVkuuLCH,0
jamrANsb4clIK03,0
pHsKCfPvN6MzjkH,0
teowpQMHvUrBsCb,0
BHEtEFcJdF3cBoh,0
vuIeSl5GEImC6OL,0
JFjFebgeO19UNbj,0
eMLrEHym9LYrMK7,0
3EMaPzcOHQ1YHgr,0
CT6RVNlZvetSuhV,0
dedZMkpCJiQYMM9,0
pZzMklbv4vBMg0J,1
4RPXUgOFTWv9UeF,1
XVQlHTOmeqklrEF,0
U6fLe30crCjyZj2,1
8LB8hqdeXc7lcNp,0
8srHkHiqSyk849O,0
sFRvNP85dWRzwD3,0
3gLWcNfkSMm3RMJ,0
syOi4ixaHb7m3SY,0
jZA4iI47NaIpr30,0
vVMcbeUBBQ9rTpj,1
QaU68TuswZRzOj1,1
N2thcfimJE95OsQ,0
vahhja2QlnZCDDN,0
aVJaRNUtPS4kwHv,0
a3IYkCpWfvlXLxL,0
5zg5NLLmSF6g26S,0
fQX0pHRx7MF5HJ0,0
PbKSEXRoTRr9RMg,1
OOEKkXa0V0olgJ5,1
foBFh2YmL55RWqS,0
A3lt9CCPq9j5NIs,0
VYiDAz3FpcV97u5,1
X9OMEwTFyTO8ryR,0
8XezuZTscOoBjBQ,0
OvBoTJ2HbfmsiLi,1
Oea4UmwW39QuxEt,0
5PknxeUiTJdO99k,1
Ut58JeTZL3YaQyJ,0
v0FtYaK48NwcuUQ,0
W1wvQDFsBd7JASo,0
kiObE8OakuS3VLc,1
8kxlOeS0KxvCxdB,0
NvgdzyWnrcfQhqw,0
FYxbGHU5j0sEsGk,1
JdXcr5K9qQnb8aE,0
NJXtFiB7bEhb9zx,0
BMDiumvtfZvnNi7,0
766IOtHpJZp5VwD,0
d4ulCmA3qNUUldg,0
3NZCpNc8HiRqrWA,1
HQ1hT9ESisLbNq7,0
QAgTC3DCDZUjC6h,1
GiYTncd2ncNCEjT,0
md8uzy03wY6R5xl,0
uVTCwkG6kKbPy3m,0
mqXyFuyA2428OuL,0
jwDMuHtnXYOQnU3,1
hWq6Bgaun9co8JO,0
HCiXW6MdN7GvISo,0
jBhPrn2wabCyYJz,0
ajW39BkvKivo5fj,0
t5Db7frVr0tmAyS,1
WqfBIwwvZ3bSK7t,0
IRCjIUk2sYv5ais,0
0T9Hwm3CpRbl2SU,0
V2DzM2vL9ByFauq,0
EnNCWytiMf2y3bL,0
s2wFWWkXYX4uYCm,0
OzmNQLgzD8OnjLb,0
QhFtn6YJtb3GlwM,0
Y7UvkNFCq9EHW89,0
zySfTWMbkjAngVl,1
chn0EcFHAgPup6r,0
LSvav9UraTRqiSM,0
3eshugLj2vLLLxB,1
zFb78yhCMFjIuK6,1
wzQluYAnGhqtO6I,0
TQojLT9kBiefjms,0
r6I1d28GJvtAIwR,0
TYH9t45h441PXRv,0
DiTNvgMk13uuyCn,0
BsqjatTBeKfvKAW,0
p9gV7xHlMXqiRct,1
seVO5GMKuP5M2FK,0
q9dYiVsXyDRCAeV,0
j3OSCcZizMOlvAW,0
4zp83ZT16mCNyMK,0
E1EevQjYpVh26gE,0
PBbiTyiixv7Aq1d,0
RFhUN7LCBstV1gN,1
LwAjWZb11hazhKy,0
ockSoOB0MlJV1uM,1
Z2082eJBfjGKe2Q,1
lhUmAc8NaKGeJGM,1
b4VlFxHrdeso1S9,0
2rHMtNp1fYLdW6X,0
ofDN7IqkZxlXlsY,0
o4yTqw0LL8vbUbK,1
ZCM8oFRhp6hJJLN,1
8WaBTJMqeIpXmbr,0
vrZd8kvVCLQ200t,0
sKEdo4OhHGNxNBx,0
iWvARycLRQhiQDI,0
Wi81o0CGYGQCDRy,1
qQfrUWWlraUiJRe,1
iohTRY4jga8B6n1,1
DyhVbNFfbHle7mL,0
I8uibEyqkPmBIvl,0
7u7WondHKWcAKrY,1
GD7fId5NEkQkM0Q,0
MWHlXXec2nCJJPC,0
y7HcOUT0gS4OmcK,1
ltawowTk0DIvLgD,0
eCOgqZsHG2RbTTw,1
eQT95WzrweTLrDn,0
hAJ4GdbJnuiAuU4,1
r5byOam2iJYWgb8,1
sDVLPdlMrHu1WVw,0
rJ7rOFuxaSB2nXH,0
XY2MspnJm2CBps2,0
Ub8nJXSzVYqJp7s,0
rGcpW7REWWTeYJr,1
TpDvfyooIuYf0WW,0
TSE5FAjA0X63PLr,0
LKPwj3E0iHBXoC5,0
0ILqqzzWes88UkJ,0
Bn1iilV1zj6XKRk,0
A9R6sdVNa7VzV72,0
4eGXZCGsajK97tx,1
9hBLU9Xx1zfTgjh,0
Coc44Wqxyf2AfRR,1
843D55XpwpWKHnq,0
1d6eBaw3R3Z43tc,0
Xy27GUutPHaMNp5,0
2myX5EsWwLHMbHB,0
d0N3Iirc3bKJ0iO,0
erM73u46uxn6NY0,0
LrQYxbaKRbrvR60,0
SSOc4OruNdNmNqz,1
XqX4trjcARSriq6,0
1amS52Azvirkb3Y,0
s81ezQdO4kRL7hH,0
bRfNd9wOzQv5l2y,0
nu4sq3AwLuBX2cU,0
oIGAPspIpRbDzQf,1
BmiAt3eWmSZRHOL,0
9RoTzquMFkloRQq,0
shht3whqPmyf1lA,0
MWNWqsrMiJODUVr,0
4r2jOsmhzjsKqqZ,0
2QdR90GckA5lbdA,0
h3tNHXbuFyeHvug,0
0bIsbHOwjWNgUhO,0
i82aJzR1J163k1N,0
UuhPLGvgJ55wNoZ,1
wIo4gBAVN9PfYe5,0
RjT8hPbd2psEr2h,0
L2Dxue0iD9XBE2w,1
cKo9GvIjGKcAqr1,0
bWsuMy3dAx93TqG,1
dI6VnYOftLffT5c,0
4BStcnzjKMM0AOR,1
LEAtAxBxswCv4ro,0
xeVFwqJG0nmsMMV,0
qAuNmLXfXIbDLUe,0
MijZwMy3kC046jQ,0
Bbqnwh0uTjeN08H,0
I95aI59lyRKlkTq,0
mtNJeWjZmUY1IXC,1
HtUCLcYpvOayhYx,0
nkUOMGNh6zi4Qbr,0
6vC2SOtfsRwXW5W,0
Vx9dJYvKR2fCVZD,0
yAyu4e4NploelmW,0
juE0136AuD5Wbjd,1
EbqSyKwtT4w77VF,0
1qBwqtjYF2cumOZ,1
whGmljymWNayzES,0
Py4vu7UoDm9Ee5B,1
EuAsO48mMhNUxMU,0
TWE83QvVuEJfPe3,1
2zwB5J7CpPg8JOG,0
XUbKaMj4m7okmvr,0
EqKJVA32h2CQVSL,0
5cffQHb4Pegsm1J,1
nKGHnsvFsOMyaAv,0
TRKIFtM0bwApIdD,0
YA0cevDjC8TUYRC,0
huNchYIevKuRAp5,0
NunqnkJVS9ZmDc9,0
Zs5qYNcU1Zf6gOF,1
DywRLA8epUQBgB2,0
gnRK7RZyTwnEy0Y,0
TDgaRK2Im3yfGFd,0
BRGp5nfWKpGkhZ2,0
2yWq9PWDw17pnyd,0
vnr7Bz9huow09IR,0
jabT0dZQ103wGhh,1
hKCqGE38VBH4X8g,0
vDm8qcyUSl2SIVc,0
thKIUcbjZpdB1F7,0
Enja38lFAzz4KAH,0
PJXaxJ9RBkpdQ9s,0
lzNCdLqSkxIBbQA,0
4lKuoOx2jz4tnZs,0
EgqESC2pvKoJNPL,0
698NdC4ZQWWu5GA,0
IUtgjFmjXxWGLV3,0
f0ZPyqdPWwGkAp0,0
hDXwFJh6RgCpvWB,0
AVldCNZXgFprFhG,0
8R7QbFVhvENsgab,0
J1orMeWyyqnV3bH,0
ja86arXhUo19kIz,0
XWPecpz2jPJGgZJ,0
RNlhrJKwYnAzGFx,0
y5dmmDhiYwJtSmI,0
FHKMber4AHduqkB,0
CqLwf08VbgF5Dw9,0
LOKPQqMZNN2rG6o,0
HBcfbPuuKafwEU8,0
qj9v4c4CFxmbFBZ,0
zsg6eiRb6WIQZgE,0
e0Cm80vM3tJmxBn,0
BnrEPhUuOdE36Bz,0
YMSvcLXY9JzaDPP,1
UoTHH9tu5cFuhpi,0
KsG1XAXdPYmfcKu,0
N6rMUm8g4wEYpRp,0
ZEkE92sdt7gCPeN,0
ldrWdSeyGY5kAfr,1
3UsU4nNVsXY8uIS,0
Xjb8Rlic1haLzVN,1
iMp0faN0X83NFvD,0
G9wlxeT1hnvvGMi,1
GWzEiKHLnFGxRNw,1
bZyfEJowZdwrsnW,0
i6VfIWQPMiBJArJ,1
o3qg25f5RBl2mim,0
bAjcmVMSJdOuoPU,0
HtBKIFtm8ZfFgAC,0
rq6Noaqb9GfFw8x,0
VaeX0XtwtyWhR98,0
LQt8DlUYQNIcMpA,1
QQfw3af3neupaZc,1
ztLbsw4Sbz8fnxs,0
uleButo6XHayw4u,0
l7Est9GWsPgSjK1,0
Xudl90SXXw7ik3r,0
BnPvEzqQxWyMKIs,0
hsQ7YZwoBqJRJc2,0
b3oGA7Yjzpk6Umg,0
6bNI3ncmbwFhX7s,0
LRRzKij2Q12MyPM,0
PzHHZcBw4QQxtGz,0
d9EUskNB3b5bfTF,0
odUBfv1KkfGR6yF,0
7rjG2dP1GRwqxEi,0
6dh0znXbDpdQM6C,0
F98LZHtWgwBMMqS,0
2ZgsOh1PDyfAwWo,0
tcqYkdCPl2UrPIR,0
pnxCUR8PxEFqzyz,0
wjl523NKRDi37fe,1
dokeJ1to4txFFqW,0
5puEiNPyjoBGV6w,0
yjR9VLU6NlZdkXl,1
pYTaG0i6sJaMDmY,0
WbKrKPVdQPwLSYb,1
gqNbXYp5rvDg7L5,1
tQf9jN3nMsu9LRS,0
C259z8wVZRqTrd4,0
clK2K9hwC8JxtkK,0
41Ki9HzS6RNdAGx,0
LS3yVqrmObsJulh,0
Tf3ZIlGGF8VIhkT,0
JdvJNj2X4939RyV,0
A8UygBDfM0026jy,0
MHA9GPQLAxi7TPj,0
3uV9qTy3XpIAX0Z,0
jQ0ZPMMfpm9fneW,0
GjfIm1ss1AKrrVD,0
mk0nBN3hjnYKqr8,0
ljl34aCZnEsNH6y,0
UUiXv0Q58R2ucxN,0
BL4cFfijuY3wZbH,0
OP0yol5HGvNlDZ0,0
vnkwvAaDtJAqlm1,0
32KhNENUdOPneJi,1
o4gbjVkjhq6YlGI,0
LMkrmAyCiUM8NIO,0
imBF0auTYUcqwBY,0
AChmsAo5Jx1hhls,0
QPF0FvBKjG3Ljb0,0
fshyoxI5GHeCjSR,0
zeSoSVDOIp2n1gK,1
dSqiOc65bGUcXqn,0
6RN81Lm91KMHu1g,0
r6WDoye6poUlzKz,0
6LDxumjd8TcYJTS,1
PPD59HsUAYI6vlY,0
Z9IzK93IWT45iWe,0
l2uoaUJAf4nNyPr,0
0xtXBqaeWLzEh15,1
W0OVUDQ8fP2k6CP,0
BBEYm4IEOl0larw,0
ChyCxrLKQlvoJHR,0
KpjX6sxj2fYiCyT,0
78gy6woul4h8cQT,1
4yishejSxGiUuD3,0
rWNGvlthlygCbWf,0
JtO4L76UXm1DJ7t,1
frTVPTWdOAYkurJ,0
JrYlpR3hldPoSQo,1
r2jAkGueH11WO05,1
EV5dSW6QPMMu79V,0
V5v18OBaMNIAzpJ,0
WTUU9gJDAfRslP7,0
NqkcVQyT5quPmCY,1
EQ4BkDdXS9pq9fB,0
ieEWMnAk7UyapRk,0
MWrkM3MELp8icrR,1
W9NDqBJvu4lvB77,0
pj6wR2pRQ3SMOSw,0
0d7qpKyOrrhpiDN,0
IArY2kfKTKRQBhL,0
Mj5aQcBsqfjfsEp,0
ceMagkvJwP5z2PG,0
rCy8b5pF8oPQAlC,0
5t5bJEg7X7XtXmf,0
2DoFIqRBoPCaH5E,1
AEBMeUFJm05jSbm,0
zg2Sn2diVunzPuJ,0
GejWF1lWqtfsCOt,0
tFZhjTlC3yXGBvu,0
fMM4GVQde77Nprj,0
ZBJ0MqNbvh7yra4,0
qyhaFv7QtSaag6O,0
YSC3b5CsxHnsonh,1
fYXPhBZzAlmpJms,0
6humigpYPFT4JKB,0
8nb3jHj62JIthUA,0
vhxTMKCMdrKRa5M,0
1fTrUIn6lwkPRiM,0
E1jx2A5H03ylK2l,0
HEbeP1qZGcpFLHW,1
98hJGH3Ra1ERhsh,0
S0iRmvzadrYtMCn,0
Ukzisa9JOAeiqSB,0
GV3XFBzO8AiMOGn,0
HBanBWMEL4tVKuW,0
yqqYFW2T1dgibY3,0
Tkalup4rMgQUJIh,0
CZHXXRApOT6tALq,0
ztIKazQ0FGxlNoD,1
NngB9SsonZ3egNo,0
thEYLBiiIJQxoL5,0
PRwzx8nxaWe14ow,0
4IelMTVkd1DpW5y,1
ohUqvII9exIrYat,0
nZRzQevxhAO3NzB,1
TzsK3ie0xx6KkUY,0
9F3PHus84EC4q3N,1
W71ECwlQlWK4pW6,0
RJmms7TAK5ylhWe,0
MKVhv6wJZ9BLIeJ,0
iGVJuTO2JeejFOf,0
dH80qsqRLE9BBPL,0
Cg3H2lIz5a6kx7w,0
2Fj3Ug4iIJD8fRR,0
Ge137YanKleGIak,0
Pqe7GX4zbcCDWMw,1
JHxQecmBOH3HZdm,0
ShXGAGFLvVz9DCa,0
ulSEE1cBZd5vNJp,0
BNPpBGhEuonGLjJ,1
CaZtJVtK7HgbJSq,1
kaVUcBHqaiWkMIB,0
nTFm7KzcazzcCOz,0
ERps3OKK0pGjLI5,0
eU5V1YPEImsvgl5,0
YCmI6Ky3noccGqA,0
I0olQKMPj7BK18X,0
45fNbkeCVoIzUfc,0
m90UAcrUArZcf0e,1
cmU5RjbOBaazJ1f,0
ggtRfp1oD9IOrSD,0
toaYoIyXbbR0kaL,0
uMBA1JSTuKvxJmJ,0
E5ASEH7ModrxfnY,0
RumRkA6H0Gql5fL,1
Wl94ie3uNTlEZjY,0
rU1KhtJAeS8jRfg,1
yJhwrzqvXAWuzO3,0
vUPXgLzBtmc7TPY,0
sJaAghHgHTkruMa,0
ewZfdAFvaP7Zruf,0
YGmJouECqO4cn6q,1
NCvVDIolB3jPqaw,1
BMJN0aBXPHJAQw8,0
Z8CGNNIS0Ge1wgw,1
utbnibajNc9FV0f,0
4d8sexWm10fwR5O,1
EfcwFNc7RVRtonD,0
Ca8CWLdD0Sj8fv1,0
QflKatNDrdAcmjk,0
Es6PEgD05wnkQai,0
NJ1xLV16g2Ta7VX,0
y73qqnmTyIymPFd,1
wZo5gowxOdTzk3T,0
IVP7784sXJAPB86,0
xXygCREiJRSvbZE,1
tkRnj73LcLJxaBm,0
l8A8YKJoxYceB3g,1
p9DlV4rSkPRRdep,0
5jT91vET27rxTLO,0
htya3hDoQPzPTO1,0
fE5FrLjuuKsMaMm,0
70df9lnhB2pIoZn,0
9d0UHhtg5tiEVKj,0
7soHc5OnuGP6ShE,0
bIQdz96oW2qiwip,0
mwS7DLUWdLjJyiy,0
WLad4J35iT5pOy6,0
aLfyf5U81FJidR0,0
0PaOKSRkw2Y4OVx,0
tp9MGycIGTIY61E,0
esECcqlajK3dbVk,0
4Xh2B7uV7YQcrsP,0
iIlpiJf2tw8HXRR,0
mHA59Rq08tWR0xW,0
PW0eFDUQsfMTxJT,0
VeBivyodw8AcBcM,0
zYBJfoR7LtkBFpF,1
aa9LwnwFPmJp4uz,0
ZmyF82mgTDRtct5,1
s6EW2IE5nM98ovK,0
p5gV1jy6UWYX2cc,0
6hG0b1xaY0pHwhp,0
EWqnhB0cna7ujG4,0
WykQrmH5FXLp6qd,0
fLKq7TmpQjkRjrw,0
Q2da5iXmXFYaPkV,0
zrKK3HWt8MbykWX,1
pDRMWajECTjhqPS,0
TjQedw5iPDm1mqb,1
hjnuaTZYyjMI5Mp,0
iDZEle6jB5WK7o1,0
En2DhNFMvzGtCEg,1
PgZ0KMil9PU0pe6,0
or9uL07I6ryRA5M,0
kXc2RTSCJTTLejC,0
MC14LcwTZPgygIT,0
yMUQqPKGy2xOrvD,0
5kmBe8MjOx4wtNB,0
cwwabKkkUIHd7Po,1
rPPWxg2WraK8U3l,0
GEMJPB3GyMFbTYC,1
emQAAVt7UOoBCJh,1
oycsQ7r9I3sokNF,0
cPsjXYAhsMPrSQv,0
HcWdxzjGRxWbdTN,1
5eXlTD1C40PyHK0,0
x0v3fAhmT8dqOf6,0
tnmmd9yJ2UyNEp3,0
yvfWOuxvuBy0d3u,0
ON1pyJ0caIeNXXx,1
kqDQ5xomJtcjgoU,0
aSAvIDwm502XalU,0
MmWKITP30xiWvhq,0
gvctrO9Bk58d6qX,0
AN0f5030owyViRg,1
iWSMUhycVegBNlQ,0
eKeJM5obcG6THI6,0
a427kMMXzDzgyeD,1
LEMmaoZpFTd5siK,1
hC80iYUO4AXo0e0,0
cuR81olfCp6FY5b,1
Eiqke2A1Ae9oeWm,0
jLRXpuwnahLeWkK,0
fT0K6se3WMIxCHF,0
S9wbHFqH223ShNI,0
DJFsVz34EN5sIL0,0
lVqCR99GYHQV0cc,1
piRJVkJSZX3QMK9,0
M51OEOUcwAgoPx4,0
3i3TjcIWy8andTj,0
ywbau0UaJDELtbH,0
ZQ7aCP2s9ZJUEtE,0
nFf3Jdo6wg5Qnz8,0
IF63ahha78eruDs,0
czwNQL3LrpjqIXr,0
TNsRApVRV7nLbGn,0
Yve2iYCHGxoiCJy,0
6NLj5rAhVF60Z58,0
GxYIYll7qvYwNG8,0
INyVYgei4hqlNgG,0
er4swlMRClFzpFM,0
m4aDqDeWffs0Slz,0
LOGf7UL0SEsdNDx,0
okOKrQv4Yv1ep8l,0
Uz805pJsyOXLegA,0
NgV4R3T9Xamx5wT,0
TFWPFIOpPGZGrWJ,0
HNP3rFk8QnmbGJv,1
ZGB4e08rLvRXVDM,1
sagFB4Y47Ys4UA8,0
Y7d4f0DwRaggXQb,0
O5FirDWyB4CANhL,0
OHQQ9bEABFqXNuO,0
jzrcrlZ2dgu23hw,0
7eq1b47kO43ETrH,0
te3SY9Uu7wJFFE5,0
mpHg4e1e2OAeMQL,0
VUygU9oOKCK4HPx,1
JglDoIGXbhEvVKm,0
lzGGSLiD0KFZnme,0
kwo8m5Wg6c2YB65,0
uPLgTBRy0TmnIaM,0
G7sw8TAmWiCFTeU,1
kARMfdlHPXY69oP,0
2uYkCAelKDwlLtC,0
tugiClfKB4DFgvZ,1
QmYujim8FW3npcX,0
FW3yO0SEw5gosU0,0
EC8hYcYqydZ1CVi,0
gHFWo3gOjIcMD5N,1
03lUNb4GdFmcWlk,0
3Yae4zucFox3HeT,1
TbRRAWilQBHY2bc,1
QzCzXzMHv4QwS8V,0
6kG8XSdLt2SoM7O,0
sFx0AludHQPaiCR,0
7duTIHRBvUJU8X8,1
BSPjxJCze4sbqdR,0
H0g8JMstfebSfNh,0
9Dx3N5U03IZfhXS,0
vI02Gx6WXMVFxri,1
En8spCgc6WtI4Sm,0
Vwwr95xhvqzHMN0,0
LeFnSl0XxKkuqrf,1
Coo3b4GXFJJ4u1m,0
UOWMdf64QU5BgnE,0
EZ2hmFzPNrDCPVc,1
n3eqizLJvwYU3cn,0
uJZTDrAFkmKGMcU,0
2AaqAsGBnKAUmPe,0
7HQOjmlhj9gGpQG,0
2KoSsVAmJ5xPAUp,0
GotWIufgeJSaSZ5,0
9BM6IZfFidHbe7d,0
ah2qm3WbYJDQBbn,0
Pk6STB3j95Q26hs,0
MHLiJOHQ2OP3Htk,0
VFV0rgsoTG9XGz7,0
UTJd9QxOhmQ2tnB,0
kIGp80VFQnCMiMz,0
0IlBdQTijmNlvyp,0
h5U5ZtMk6yu7ut4,0
msSeKxmsNqkIGDU,0
elu6GpXN677Wdbn,0
dQO4QP51DYBmsNU,0
W1GrNifrbFiRsMS,0
t1etU6vohgeQd2e,0
FADMsqwVzVeOt8Q,1
JXzFRwXIVehZ580,0
XdaFEz2V5C4VQKQ,1
rh4FzqO2yiRobLo,0
O1GH0MKIcpYL12D,1
76otlNXI4O7aSnv,0
qgn3zu9xR3xyUjs,0
AMKWCxAI72m1KMV,1
9TnfAf5Y8JLpE5R,0
xMdyTsK8qZWRFDz,0
bTl83iiMuSweeNK,0
LlVAihU3BaiSMHr,0
cmrabDKv5wGNsvY,0
IrQGz0GhUZ0b3rN,1
51ov7roU2j66SwY,1
8yQQAMJZrqoeeO6,1
pBvTfJNapcXxLIo,0
AlCYUDNNHRbfST8,0
ja0tI0gQ2rOEyRr,0
HinvRjnBWeBFea9,1
IPsvEeTVWcU0pag,0
TUADnAn4QQugHyo,1
S8tKx8j7c6BZQr2,0
zCLT0U8mY8f2ErM,1
FjJejDLoYGXF7GL,0
BtMJdNqHaUxXOqd,1
scTkWfKDjL8JmTc,1
RArha4eRmr3L2fs,0
xtwLhDLOZBUr56f,0
ITCPiuh8dJ8ncuv,0
BdlQ4PwhqeLm8sP,1
uUgGfVTSBpGXtyg,1
C0UT2C85pY2zlWA,1
LGDkYQXlAMPH8Nk,0
sKx7P0sgrvyBe9C,0
DcLY1I6Junb3nuv,1
PmMDxiK4rD75bBp,0
kgfkMFIDBdnJHLt,0
6tcgQc3Td5rMb07,1
YwujXoYSfozV37E,0
ewQnY3VK1KBDdJc,0
LOa8be4lReeuc5e,0
LgBYnPYowSZ0VU3,0
LJmA6ohAYVOWefQ,1
A0CmNioLH9sytbf,0
aiXVugT9Zgv7mdE,0
pcO4vRtvpZPvfPD,1
2n48lMkkpdpL4Pd,0
Y2KjhWbpKSQpAsr,0
yhIQ4foXFWpvu0u,0
5K57O7RJmeVtY8z,1
bimJ5DNJ50qzj5F,0
Cl6ba1Pvx58vXDX,0
FId31Z58eRXmwYV,0
zGKm21RTofzdB6J,0
iqX9OinDqZ5SwXO,0
lX7V3StPor5vjzC,0
HUG8MPJALowcOfJ,0
RNRliujXX0xbmrr,0
0uS83h1n53k8DCW,0
UIrE1uv7aBqSsRJ,0
SmT8VVujjl2gJMH,0
LXwpBKOrnDCeHBx,0
7IfJk5SKAMiZf9k,1
i1ZN4FYBllTYwA7,0
WBeDdb8WocivXHl,0
ycMbXuvISnXCw8N,0
VSpYXxc7ZBLJFPZ,0
soEJxm0ZIdQCfFt,0
gZkKqXhKAMueriG,0
lnZzbja93sIcVp3,0
Rvf8crpJ5uMFHho,1
hLVbXcEkE2bBGRZ,1
13ZZjLBEn6m0mJ0,0
o0TXc2DBazy6M0a,0
Yz2NJik8wfBmOAi,0
eIjTCFXifbRPH6G,0
JUPtZFJiXgVeLmF,0
wA1w0i7qubdJSvT,0
Bq1uOYwZ6Sr4969,1
ShmVfeyZczNFKvu,0
2ZILI7fA4CRM0j7,0
lDTKUp8oxTKOjny,0
7SWb99ojHlAcCaN,0
pEZWQc8SgWhAtM9,0
O4nY7e5Pds2cs9n,0
AjYtKZh1sGI3ne4,1
hmnQQlKABUbhp7j,0
w4oiTPqNEradL41,1
8YkcO00Nzp9jFkI,1
mm1KjKdpUFBgbqK,0
r7FWSJgs8SWJtXD,0
qtGyt91TimWkWQ9,0
uc114RAP73JrPO7,1
MI7v5DsxiKSRLUn,0
uxR211hcxgvVWXI,0
ZNdEV2EY3K6dI0u,1
muExxldLLpcpoKi,0
JXFbfPB5xPH1fug,0
sVSc74NU99uk2rf,1
VFXixMAEkf0l9YZ,0
QEpj2yfwqKmwRp5,1
HhESVuYUFjatldt,1
ktqgyqQAoIXPdPM,0
5wJIzN7m4Udzo75,1
VnK9T7gmAP62lhv,0
YtmdNCV24EB8tTU,0
O8jff7SzPXzjLzP,0
zWS8KfXLiwQHsac,0
ZG0Hv97s9Qn841w,0
zjnd9MeV8EG5yhC,0
XRI9EM22aGcNh4Z,0
dywzhUSeGaDXsfa,0
mbpzeCqmilny4mV,0
xStpL1TdgMGxlmc,0
3PG99Y3sV5OotJA,0
bCI1Djs3xh6OJM6,0
nXu3amur55gUaTj,1
LhBJSxXUIisXdb4,0
B20vLjIyyswyGmX,1
lVwTJcegU26cK2h,0
46TfCMRyUGFgZVM,0
3WMdIm8VDqngppg,1
eJuOYE2wlCTw0BE,1
4xIg9SiY1gmaN1c,0
Vs9tf0cDItsUgVg,0
YmfTIfLRj8n5PxG,0
9HRL2BNGuevKilh,0
bWO4PSYoEUJafHH,0
PGGEPi1idHozvCa,1
dvvK2FYrEYW32Hj,0
ILLQXx24IggYAPV,0
HwHShYabphUR86E,0
5D0eAkKdH6c0Un0,0
dj2oiSeAFLvdgGl,0
Cg8JjblxotNYXFZ,0
C13UmSf84jnYdCC,0
LfrZMKwVE0KoWHy,0
ZU23Z0UCCqdObU7,0
ac9S23Ib8Y9NVRY,0
qww9NGXHnfxEGLF,0
MdXBXJyf36Q6N7D,0
BX28ybQVlTivysU,0
eNbFxGhuYa1zyUm,0
7NtAs7wQlqwIPLj,1
KylOEYHBi409ScX,0
OVk9qpQdKcGtjll,0
mY4lVhNhQLcHPE4,0
LPoVBNyqCraC9rR,1
iUfBbWx3UV5C3oT,0
f8KbVnZDaP8cO4L,1
4bPSQp2VPMImaMA,1
NEHsA8jiYufHOuL,0
KRPKTICeINUp2ad,1
TitjkicB2x7FhEe,0
jWXIcNBlsAHqDzF,0
cHP3CGqJPNFRFEA,0
BSRT8hCoy1Dg49r,1
a5bG77oreTIC2KK,1
9vDItlX2KbyAgsW,0
lZoYoEfoNt0uggB,0
yZFgmjZH2hohVZ6,0
mxaWdAfWRnHcIr1,0
CE2Rn93FzhSr3hq,0
sO3L1L4rccwycx4,1
GpIKzTkuPat1Shb,0
n3OpPglXcSYMQ8z,0
CwyxqkY0XWmqM2J,1
msuUagvhhGwOLnP,0
5Y4jlj1gRjls5Fp,0
Pg4QMoYAyMBlwmr,1
TzfHO3ynBvru8AV,1
H5IVQQK2gJVXtZy,0
Osgj4NdnQlQuEUd,0
fyCWiOnaSPkbrU3,1
1Sz3u2vZWM94Ii7,0
YAW6veoSTZ1NSS9,0
tnBwdhZa3o70XWB,1
Ge8HhtBUMpkzVEz,0
1C3JzOvWzKXkRoI,0
V8iESPsXyQCI463,0
TxkVoIzbhWIpKe6,0
zTX465jyTYu2d8L,0
81QWkxXoUR0wmqg,0
rYZzzmJJI4CI2NZ,0
CicET5OhVK6TlAB,0
jZhwDrWa9EZXb8n,0
HqaZAen4uypB3Mf,0
t3EishOAiT7StYk,0
XRocvkWfAChGwGv,0
4abCKXdA6BHo4V4,1
vl1FqCg00l9ILXs,0
j79utwHQKfS8Ivl,1
BYEJVyakevhssH3,1
BDF6M33TMKNrbGk,0
syPdANrAdzacIMR,0
va2ODzlDwACqb0Y,0
mQxgMVhOalbA8Xs,0
XfaM27NR5CpN7A1,0
LJ1FBBM77IxGsEP,0
mWP18dcd17q4Fbq,0
m3qf21JP6VxiZCJ,0
kZmyieh7zJBROnZ,0
BKHRfvd3tUcF2vW,0
IizbNLjk6j0EpHr,1
Of5qdjl9mLbqP87,0
ObCMEMfpJto6F5T,0
9ZXMNzk6yH4oQ4d,0
8QrLPabE3qLeY32,0
kYxd1URU6MkWRiN,1
AahBs4gBhY8MdfD,1
FIbBdwt4uA6bfvz,0
jyN4ZkNZXncMs1H,0
VeAJ5fokOAbhfZQ,1
Np732GZHKD2nwuc,0
tB21CYLJKDay9jN,0
J6QpQxghoGJfjFk,0
L09UmgWGH2xxCNp,0
Zv9XJuTer3hCHVz,0
w4kvOU8QHmtxJk6,0
1Rpnt2wAz0U72iC,1
3U3u5ox1MvqLBEG,1
Zz1Czrj0ADGcoJS,0
J7HiVI6ta4h3gJq,1
u9buZsFMfb9TVmG,0
yX1sU4qMP5Ei5dq,1
QlN0eZFqnWPDBzm,0
SzwkuMLsQC7sLG3,0
asThPVszLGkhzI7,0
JSWZvAiPUuoasYE,0
2ET4kDJX4uKMT1N,1
cMOGDAczXf62B1H,0
DagfRCFibUIZY5D,0
V3OXroZ7ojRPGXF,0
5DJuhTq4ZovE9Yt,0
qMA4I37app5J5xs,0
KUiW0lalSWCchb9,0
W6ZyoRnxmtxnmLn,0
MN7qoFHC62YYF0E,1
Zz3dA2fMGQTeZhx,1
MEuJKC01owQi6UF,1
ihr5MdXXEFD3ft1,0
yKJVcxTJ8JmeYOY,1
rrZKClD862oIrnh,0
ig5DPvZ4a2bWbk4,1
9hJG4Umq3XzILXg,0
pcfL3WNeEtilgKz,0
UK3yBpf6zLtgYVl,0
AXbpsGXgwycNJPZ,0
l0jR2Vokxofv3AB,1
hXWibjPpo8kAmOx,0
nXveu1T7EL8iNyM,0
EDcPL5Z6XX5IZoO,0
HtWZSrGnGHpy7Qx,0
07M1KkScUSrfszd,0
M3ybleezwAPeZcy,0
1tYKq6vfC4lQNfg,0
V9OFRoFzuHuXTbj,0
YyxbhOZW9qaf7qg,0
FMrc0xlbVtiZkrB,0
69cz9mO3ZD4rwiw,0
20Q6qqIuVy0NIfi,0
nogjMKmHy9ltFbc,1
qwxR61xQHvcBS5n,0
Guu28S3sVvCzMkR,0
OabNttrK2u3cd2k,0
jCVBpnt6KzeggW4,0
hKAUAd0V4n3VdSH,0
IwEzETGdQTnUdnk,0
8pg4Bhy0kwizc3u,1
xufbVRN6dnNyB7H,0
YdAY292sCgaPcqE,1
nRMazQiuk4HtH5d,1
L0c3ZBbnvKXsW1R,0
5IMWe3krHnkVZ69,0
UzZBQxxGEFNB07q,1
fH3XM9R2MZbWtAN,0
ikj5R38N5ryPiOZ,1
29UZXNlS9NpzNyh,0
0hprfD59G4EEfCk,0
tgGp95bnMg20FpT,0
E7MbwbumWvYwcwh,1
sansI7ajvjHCEDE,0
W1BcSkWiKT6JlHT,0
bx6kRUdouKNvOqK,0
7ByjcldU7d1XhCD,0
lPBSFXTWzguV1pt,0
XPlA5IeH8NQt9d7,0
K8C6Fvzhwk8A5UP,0
2HlB5PJdsjDTYk5,1
DURLjPlr0RBjcKL,0
a5Z6hSOnhWDbDKs,0
cThMyljPpGzWLyz,1
MLobCHYDL595FMw,1
UApKTYB3Rl71teX,0
YdGd0mF0CCkcASh,1
6rv6zJrB8WWOiNn,1
ByNVeZOMJypMc0k,0
QbC8XzV8AA1CSxm,0
kZExGkLTqtIZp8B,1
cDlBt1tsdSVyEao,0
NJj27xNxzX7xnYE,1
36KkDYLFBthzMKm,0
jmvYR639oPO5GhB,0
LcA95l2rUynrMDH,0
PxnDwho6JA45rRI,0
E266cvjhrQLOcFN,1
wb4mrjsktPnyzsa,0
GzdpWEd46KvZgwo,0
j41C6CK3XO2bpTp,0
SO3FteKycP2kJQJ,0
1k0y32Bi7103rF0,0
YjdvtQb1TVlRv6y,1
07u7ukST095UJOy,0
5QdQBPyDqbVP7Pr,0
e0nOHSuXJM0gNgs,0
ElfGjHs17zAIXjS,0
T7kQyljHoqjUpgv,0
FsAuMxKYkFk8LtW,1
cXFIOwYq6TJMVVb,0
x2eTfya2WhuSNB1,0
qqRcw3eMhkhWHOA,0
rqa8JsFyBOgEUKd,1
283pAImAnjJkBJH,0
yBtBqiGnGZynvD7,0
wHs15DJESJjnXCT,0
DfeVV0fzpwusKd1,0
9ES7wTdNllZryTG,0
rMjhF2pKWGXVQIF,1
AEHZs17Cg0WxT8T,0
1YG5iaWl9A87fCE,1
bDVMK4NnvCd0AOA,0
BjoegO8Rq0dPJVD,1
gQ5HxBY2t7573wI,0
oaanqHzg3owrASi,1
aR86vD985rbiSBo,1
03pLWuSAItpK9gg,0
Fz8lnpYfN7zbhbw,0
ph7aUCBS3LGGPJu,1
xGusyGahteGXDh0,0
dJA4nZIlvWjQB79,0
IYZz2pptpfUAmCp,0
1kSUSwC9NULDHEH,0
IKtZX1KhFWdeBis,1
svRyzirxJx7PuUX,0
SaYV4GdwmPOWLJq,0
TJCxVnstfLmZqyB,0
SVgfXSghXi4jCtK,1
etEcRh9WWiQ844t,0
HQosh1p90qm6GDw,0
36WmR5JcdT3WXRg,0
4DmUoEEpSi0MCRu,0
dXadRyvtU8EuNDK,0
CZPTwj7jgnjnVa9,0
biV5ZEr6JfEsYkD,0
gVRWMPFB3uJ1JnE,0
RZ7h5afHE0Mtbli,1
VOnQfwxmpBmFR6O,0
HNLwRfE3nOe7bL6,0
O3jJDDlytLk2R3J,0
xjy6jOlekUAlWrt,0
CzJyTPExMgOoErD,1
WX3QkGk9qz8m6Y0,0
s7mjkX3hzggH7Y0,0
gTs6ZYRNhLpTfsg,0
7qARXito6pL7ro9,0
NkA3mBJuvkwNWGq,0
Zd0AGzCValkUKOx,0
lYT4pPLSUHQKx8y,1
x2M4NClwtDcb8QX,1
JqI3RUrytuNqiTa,1
ik3yNDBuVebkRGU,0
BllacYJgEktVxaj,0
oFPf2lgnceGvRDS,0
ZS7YVGFNCdbJZOG,1
pCYjDEEtnZaMRGY,1
UjW3z4dkSBXWWCA,0
DYBNSPLApsORs4P,0
FPG09gYNnj7pzk8,0
EG9UTx4vjugOIE0,0
CwRSmlES350kEru,1
3CvA0Bik8nTiQ0S,0
1vdxnB8SmILdPq0,0
QR9zbNIxusISwqz,0
iNEdNXuTN9uC9S3,1
X8C0JDnqzhNwYSI,1
KREZifrZzBzpWia,0
h6lJnAw1X6wN8lm,0
RXkyYs7JhZUssHX,0
kKLlNSP0Kntpu1s,0
Wvri2mvQDMOHeFr,0
LVBHRsytMRKIyxh,0
ptOZHBb2eYA9L4T,0
c8Bji7XOL1K1pfK,0
Pn2ju2ZhA5kpcxt,0
E1BjPm7hgzXA9S8,1
21yEQBhnT8Whzdu,0
yuE0a0PxeKH7kR4,1
lhaZU0Q6HF9I5fb,0
7XzH7XBVtoG2DVX,0
37ffGTa6DEKeA54,1
QumQnSSPQ49HFPm,0
adDE5PDZQRB4ap1,0
c6DwQWGavmq9Bch,0
5nOyRzSfyET7tm3,0
rQnGxTKBoTx4KUb,1
KvC4YXWCaBUGy40,1
mrP704tyXe7I0Ck,0
eD33LYm5rGN3jBR,0
up6kFM7IlGXFXjz,1
IqkFsnNW37PNEbn,0
Oku1BMjLh7okccq,0
9Adm7XMJyZfRcLy,0
jrXiU30iNVPNwzu,0
XGdtiaSVif7WSLg,0
eUzn0MUYXGIOfMe,1
ln6AB5t5syaMn0y,0
OXQpmzrKpoNgMW1,0
fRbdtL44nqeK8lZ,0
xkU9rB3bDxUwjN0,0
O4MC6A4rMRwlvPv,0
EnT89bzFbUZYKIG,0
X1l4rLrOtUIDOG3,0
TUDuM5OqpM3lIun,1
FibHwkjqLMUb27H,0
JJmTsk3v140Y948,1
i4gzmTb7KijBgKW,0
H2ChENAS1Tczuel,0
TPQPYP5Dpt12kBc,0
u4289V1bWT8786k,0
HLtnQ8nQYIVWyi2,0
5YZwgtDr5V2PRot,0
Iif7R7Q6vatxrT5,0
rNFxhycQ4PM2qMx,0
FElegPyr537qmIm,0
bbTHzDxhGgRaOvM,0
